Vehicle,Route,B,Day,Stop No,Main Location,Secondary Location,Postcode,Freq,Easting,Northing,Arrive,Depart,Stop Duration,Stop Time,Stop Time dec,ID
CMOB,C2,1st,Tuesday,1,Horningsea,High Street,CB25 9JG,monthly,549269.61,262280.3,100000000,105000000,5000000,5000000,0.833333,1
CMOB,C2,1st,Tuesday,2,Fen Ditton,Wrights Close,CB5 8SY,monthly,548300.06,260896.35,110000000,111500000,1500000,1500000,0.25,2
CMOB,C2,1st,Tuesday,3,Six Mile Bottom,Delamere Close,CB8 0UN,monthly,557852.61,256909.87,113500000,120000000,2500000,2500000,0.416667,3
CMOB,C2,1st,Tuesday,4,West Wratting,High Street,CB21 5LU,monthly,560465.56,252265.92,121500000,124500000,3000000,3000000,0.5,4
CMOB,C2,1st,Tuesday,5,Weston Green,Post Office,CB21 5NT,monthly,562704.56,252215.78,135000000,141500000,2500000,2500000,0.416667,5
CMOB,C2,1st,Tuesday,6,Weston Colville,Mill Hill,CB21 5NY,monthly,562024.85,252915.45,142000000,145000000,3000000,3000000,0.5,6
CMOB,C2,1st,Tuesday,7,Brinkley,High Street,CB8 0SF,monthly,563080.36,254670.2,150000000,160000000,10000000,10000000,1,7
CMOB,C3,1st,Wednesday,1,Newnham,Pinehurst/Grange Road,CB3 9BH,monthly,543765.98,257932.17,93000000,101500000,4500000,4500000,0.75,8
CMOB,C3,1st,Wednesday,2,Newnham,Larchfield/Gough Way,CB3 9LR,monthly,543504.44,257731.42,102500000,110000000,3500000,3500000,0.583333,9
CMOB,C3,1st,Wednesday,3,Newton,The Green,CB22 7PA,monthly,543766.67,249490.09,112500000,120000000,3500000,3500000,0.583333,10
CMOB,C3,1st,Wednesday,4,Thriplow,Middle Street / School Lane,SG8 7RH,monthly,543780.14,246684.12,121000000,123500000,2500000,2500000,0.416667,11
CMOB,C3,1st,Wednesday,5,Thriplow,Sheralds Croft Lane,SG8 7RB,monthly,543394.95,246624.4,124000000,130000000,2000000,2000000,0.333333,12
CMOB,C3,1st,Wednesday,6,Great Chishill,The Church,SG8 8SR,monthly,542301.02,238883.71,141000000,144000000,3000000,3000000,0.5,13
CMOB,C3,1st,Wednesday,7,Heydon,Fowlmere Road,SG8 8PZ,monthly,543096.25,240351.64,144500000,151500000,3000000,3000000,0.5,14
CMOB,C3,1st,Wednesday,8,Fowlmere,High Street,SG8 7SR,monthly,542250.28,245859.14,153000000,161000000,4000000,4000000,0.666667,15
CMOB,C4,1st,Thursday,1,Harlton,Bolton Way,CB23 1EZ,monthly,538489.02,252415.11,100000000,102000000,2000000,2000000,0.333333,16
CMOB,C4,1st,Thursday,2,Harlton,Lay-by,CB23 1ER,monthly,539103.61,252435.97,102500000,110000000,3500000,3500000,0.583333,17
CMOB,C4,1st,Thursday,3,Haslingfield,The Meadows,CB23 1JD,monthly,540648,252429,111000000,114000000,3000000,3000000,0.5,18
CMOB,C4,1st,Thursday,4,Haslingfield,Methodist Church,CB23 1JW,monthly,540518.53,252172.94,114500000,122000000,3500000,3500000,0.583333,19
CMOB,C4,1st,Thursday,5,Harston,The Limes,CB22 7QT,monthly,542701,251039.96,132000000,134000000,2000000,2000000,0.333333,20
CMOB,C4,1st,Thursday,6,Harston,Queens Close,CB22 7QW,monthly,543209.38,251373.33,134500000,142000000,3500000,3500000,0.583333,21
CMOB,C4,1st,Thursday,7,Hauxton,The Green,CB22 5HP,monthly,544010.99,252062.63,143000000,150000000,3000000,3000000,0.5,22
CMOB,C4,1st,Thursday,8,Trumpington,"Foster Road, Pavilion",CB2 9JT,monthly,544737.52,254838.98,151500000,160000000,4500000,4500000,0.75,23
CMOB,C5,1st,Friday,1,Cambridge,Storeys House,CB3 0BZ,monthly,544368.74,259165.21,94500000,101500000,3000000,3000000,0.5,24
CMOB,C5,1st,Friday,2,Barton,Roman Hill,CB23 7AX,monthly,541420.83,255657.43,103500000,105500000,2000000,2000000,0.333333,25
CMOB,C5,1st,Friday,3,Barton,Kings Grove,CB23 7AZ,monthly,540891.27,256008.47,110000000,114000000,4000000,4000000,0.666667,26
CMOB,C5,1st,Friday,4,Barton,Great Close,CB23 7BH,monthly,540733.62,255636.94,114500000,120500000,2000000,2000000,0.333333,27
CMOB,C5,1st,Friday,5,Barton,Allens Close,CB23 7BL,monthly,540919.13,255656.02,121000000,123000000,2000000,2000000,0.333333,28
CMOB,C5,1st,Friday,6,Grantchester,Stulpfield Road/Tabrum Close,CB3 9NL,monthly,543013.45,255642.96,124000000,131000000,3000000,3000000,0.5,29
CMOB,C5,1st,Friday,7,Coton,Footpath,CB3 7PX,monthly,541502.63,258767.34,140000000,143500000,3500000,3500000,0.583333,30
CMOB,C5,1st,Friday,8,Coton,St Peters Road,CB3 7PR,monthly,540716.12,258738.1,144000000,160000000,12000000,12000000,1.33333,31
CMOB,C8,2nd,Monday,1,Cambridge,Neville Road,CB1 3SW,monthly,547043.17,256699.33,94500000,102000000,3500000,3500000,0.583333,32
CMOB,C8,2nd,Monday,2,Cambridge,Brooklyn Court,CB1 7HF,monthly,547357.56,256466.17,102500000,105500000,3000000,3000000,0.5,33
CMOB,C8,2nd,Monday,3,Cambridge,Normanhurst,CB1 7BJ,monthly,546532.29,256581.54,110500000,113000000,2500000,2500000,0.416667,34
CMOB,C8,2nd,Monday,4,Cambridge,Denis Wilson Court,CB2 8ES,monthly,545109.76,256005.78,114000000,121000000,3000000,3000000,0.5,35
CMOB,C8,2nd,Monday,5,Trumpington,Bishops Road,CB2 2NQ,monthly,544723.74,254330.03,122000000,125000000,3000000,3000000,0.5,36
CMOB,C8,2nd,Monday,6,Babraham,High Street,CB22 3AG,monthly,551321.87,250372.54,135000000,141500000,2500000,2500000,0.416667,37
CMOB,C8,2nd,Monday,7,Sawston,Chapelfield Way,CB22 3SY,monthly,548738.13,249631.5,142500000,145000000,2500000,2500000,0.416667,38
CMOB,C8,2nd,Monday,8,Sawston,Uffen Way,CB22 3BS,monthly,548041.68,249562.86,150000000,153000000,3000000,3000000,0.5,39
CMOB,C8,2nd,Monday,9,Great Shelford,Orchard Road,CB22 5AA,monthly,546608,252642,154000000,161000000,3000000,3000000,0.5,40
CMOB,C9,2nd,Tuesday,1,Linton,Flaxfields,CB21 4JG,monthly,556059.3,247102.43,100000000,110000000,10000000,10000000,1,41
CMOB,C9,2nd,Tuesday,2,Camps End,Sangers Farm,CB21 4TR,monthly,561430.79,242487.26,112500000,114000000,1500000,1500000,0.25,42
CMOB,C9,2nd,Tuesday,3,Shudy Camps,Main Street,CB21 4RA,monthly,561531.58,245011.9,115000000,120500000,1500000,1500000,0.25,43
CMOB,C9,2nd,Tuesday,4,Castle Camps,Claydon Close,CB21 4TD,monthly,563353.19,243639.75,121500000,125000000,3500000,3500000,0.583333,44
CMOB,C9,2nd,Tuesday,5,Horseheath,Old Nurseries,CB21 4QR,monthly,561557.84,247056.19,140000000,144000000,4000000,4000000,0.666667,45
CMOB,C9,2nd,Tuesday,6,West Wickham,Streetley End,CB21 4RS,monthly,561653.57,248248.26,145000000,150500000,1500000,1500000,0.25,46
CMOB,C9,2nd,Tuesday,7,West Wickham,Council Houses,CB21 4SB,monthly,561836.2,249526.31,151500000,153000000,1500000,1500000,0.25,47
CMOB,C9,2nd & 4th,Tuesday,8,Balsham,Bandstand,CB21 5WA,twice monthly,558606.1,250815.53,154000000,164500000,10500000,10500000,1.08333,48
CMOB,C10,2nd,Wednesday,1,Kennett,Dane Hill,CB8 7QG,monthly,569860.22,268114.97,100000000,101500000,1500000,1500000,0.25,49
CMOB,C10,2nd,Wednesday,2,Chippenham,Village Hall,CB7 5PN,monthly,566137.21,270006.19,102000000,103500000,1500000,1500000,0.25,50
CMOB,C10,2nd,Wednesday,3,Snailwell,Roman Way,CB8 7LT,monthly,564596.61,267496.09,104000000,110000000,2000000,2000000,0.333333,51
CMOB,C10,2nd,Wednesday,4,Fordham,Harry Palmer,CB7 5LZ,monthly,562534.54,270857.24,111000000,113500000,2500000,2500000,0.416667,52
CMOB,C10,2nd,Wednesday,5,Fordham,Mildenhall Road,CB7 5NR,monthly,564151.24,270842.68,114500000,120500000,2000000,2000000,0.333333,53
CMOB,C10,2nd,Wednesday,6,Isleham,Church Street,CB7 5RX,monthly,564288.13,274342.21,121500000,130000000,4500000,4500000,0.75,54
CMOB,C10,2nd,Wednesday,7,Lode,Longmeadow,CB25 9HA,monthly,554463.99,262891.88,141000000,143500000,2500000,2500000,0.416667,55
CMOB,C10,2nd,Wednesday,8,Lode,Northfields,CB25 9EU,monthly,553635.17,262589.93,144000000,151500000,3500000,3500000,0.583333,56
CMOB,C10,2nd,Wednesday,9,Lode,Post Office,CB25 9EW,monthly,553363.8,262684.33,152000000,160000000,4000000,4000000,0.666667,57
CMOB,C10,2nd,Wednesday,10,Stow cum Quy,Wheelwright Close,CB25 9AN,monthly,552076.26,260518.79,161000000,163000000,2000000,2000000,0.333333,58
CMOB,C11,2nd,Thursday,1,Newnham,Lammas Court,CB3 9HY,monthly,544342.98,257367.78,94000000,103500000,5500000,5500000,0.916667,59
CMOB,C11,2nd,Thursday,2,Duxford Airfield,"Whitehall Gardens, Heathfield",CB22 4QJ,monthly,545647.64,246134.85,110000000,113000000,3000000,3000000,0.5,60
CMOB,C11,2nd,Thursday,3,Whittlesford,Ascham Lane,CB22 4LX,monthly,546988.72,248016.59,114000000,120000000,2000000,2000000,0.333333,61
CMOB,C11,2nd,Thursday,4,Whittlesford,Lettice Martin Croft,CB22 4NS,monthly,547543.98,248387.83,120500000,123000000,2500000,2500000,0.416667,62
CMOB,C11,2nd,Thursday,5,Whittlesford,Royston Road,CB22 4NW,monthly,547990.76,247219.83,123500000,130000000,2500000,2500000,0.416667,63
CMOB,C11,2nd,Thursday,6,Foxton,Hillfields,CB22 6RX,monthly,541589.71,248104.52,140000000,143000000,3000000,3000000,0.5,64
CMOB,C11,2nd,Thursday,7,Foxton,Recreation Centre,CB22 6RN,monthly,541169.85,248272.47,143500000,160000000,12500000,12500000,1.41667,65
CMOB,C11,2nd,Thursday,8,Foxton,West Hill Road,CB22 6SU,monthly,540676.17,248033.81,160500000,162000000,1500000,1500000,0.25,66
CMOB,C12,2nd,Friday,1,Milton,Post Office,CB24 6BW,twice monthly,547855.68,262827.7,94500000,104500000,10000000,10000000,1,67
CMOB,C12,2nd,Friday,2,Milton,The Rowans,CB24 6ZR,monthly,547442.68,262643.67,105000000,111500000,2500000,2500000,0.416667,68
CMOB,C12,2nd,Friday,3,Soham,Honeysuckle Close,CB7 5YT,monthly,559226.81,273927.63,114500000,121000000,2500000,2500000,0.416667,69
CMOB,C12,2nd,Friday,4,Soham,Crescent,CB7 5AG,monthly,559952.13,272711.07,121500000,123000000,1500000,1500000,0.25,70
CMOB,C12,2nd,Friday,5,Burwell,Ash Grove,CB25 0ER,monthly,558745.07,266817.26,124500000,131500000,3000000,3000000,0.5,71
CMOB,C12,2nd,Friday,6,Reach,Fair Green,CB25 0JD,monthly,556639.72,266208.43,142000000,144000000,2000000,2000000,0.333333,72
CMOB,C12,2nd,Friday,7,Swaffham Prior,Commercial End,CB25 0NE,monthly,555682.11,263077.09,145000000,150500000,1500000,1500000,0.25,73
CMOB,C12,2nd,Friday,8,Swaffham Prior,School,CB25 0LD,monthly,556777,264043,151000000,153500000,2500000,2500000,0.416667,74
CMOB,C12,2nd,Friday,9,Swaffham Bulbeck,High Street,CB21 5JD,monthly,555584.82,262516.53,154500000,161500000,3000000,3000000,0.5,75
CMOB,C16,3rd,Tuesday,1,Whaddon,Meldreth Road,SG8 5RS,monthly,535650.44,246442.2,100000000,103000000,3000000,3000000,0.5,76
CMOB,C16,3rd,Tuesday,2,Meldreth,Bell Close,SG8 6LE,monthly,537496.44,245967.21,104000000,113000000,5000000,5000000,0.833333,77
CMOB,C16,3rd,Tuesday,3,Melbourn,John Impey Way,SG8 6HZ,monthly,538695.57,244579.16,114000000,120500000,2500000,2500000,0.416667,78
CMOB,C16,3rd,Tuesday,4,Melbourn,"Vicarage Close, Sheltered Housing",SG8 6DY,monthly,538217.87,244937.66,121000000,124500000,3500000,3500000,0.583333,79
CMOB,C16,3rd,Tuesday,5,Shepreth,Frog End,SG8 6RF,monthly,539396.99,246895.22,140000000,142000000,2000000,2000000,0.333333,80
CMOB,C16,3rd,Tuesday,6,Shepreth,Blenheim Close,SG8 6PS,monthly,539182.2,247885.39,143000000,145500000,2500000,2500000,0.416667,81
CMOB,C16,3rd,Tuesday,7,Barrington,Bus Shelter,CB22 7QX,monthly,539290.87,249625.25,150500000,153500000,3000000,3000000,0.5,82
CMOB,C16,3rd,Tuesday,8,Barrington,Glebe Road,CB22 7RN,monthly,539926.96,249766.19,154000000,162000000,4000000,4000000,0.666667,83
CMOB,C17,3rd,Wednesday,1,Stapleford,Cox’s Close,CB22 5SP,monthly,547076.04,251865.27,100000000,102000000,2000000,2000000,0.333333,84
CMOB,C17,3rd,Wednesday,2,Pampisford,Recreation Ground,CB22 3EN,monthly,549447,248239,103000000,110000000,3000000,3000000,0.5,85
CMOB,C17,3rd,Wednesday,3,Hinxton,Wellcome Trust Genome Campus,CB10 1SA,monthly,549901,244577,111500000,121500000,10000000,10000000,1,86
CMOB,C17,3rd,Wednesday,4,Hinxton,War Memorial,CB10 1RA,monthly,549593.69,245167.34,122000000,123500000,1500000,1500000,0.25,87
CMOB,C17,3rd,Wednesday,5,Ickleton,Brookhampton Street,CB10 1SL,monthly,549475.96,243995.15,124500000,131500000,3000000,3000000,0.5,88
CMOB,C17,3rd,Wednesday,6,Duxford,Laceys Way,CB22 4SE,monthly,547717.38,246274.81,141500000,145000000,3500000,3500000,0.583333,89
CMOB,C17,3rd,Wednesday,7,Duxford,Green Acres,CB22 4RB,monthly,547892.91,246351.92,145500000,151000000,1500000,1500000,0.25,90
CMOB,C17,3rd,Wednesday,8,Duxford,Carter Close,CB22 4RZ,monthly,548078,245681.5,151500000,154500000,3000000,3000000,0.5,91
CMOB,C17,3rd,Wednesday,9,Duxford,Petersfield Road,CB22 4SF,monthly,547874.87,245863.16,155000000,161500000,2500000,2500000,0.416667,92
CMOB,C18,3rd,Thursday,1,Teversham,Shepherds Way,CB1 9AX,monthly,549884.75,258022.81,95000000,103000000,4000000,4000000,0.666667,93
CMOB,C18,3rd,Thursday,2,Fulbourn,St Vigors Road,CB21 5HT,monthly,551824.8,255970.26,104000000,110000000,2000000,2000000,0.333333,94
CMOB,C18,3rd,Thursday,3,Great Wilbraham,The Green,CB21 5JQ,monthly,554896.74,257577.98,111000000,114000000,3000000,3000000,0.5,95
CMOB,C18,3rd,Thursday,4,Little Wilbraham,High Street,CB21 5JY,monthly,553960.75,258452.62,115000000,121500000,2500000,2500000,0.416667,96
CMOB,C18,3rd,Thursday,5,Bottisham,Downing Close,CB25 9DB,monthly,554522.27,260634.8,122500000,125500000,3000000,3000000,0.5,97
CMOB,C18,3rd,Thursday,6,Upware,Upware Road,CB7 5YQ,monthly,553798.28,270168.59,140000000,142000000,2000000,2000000,0.333333,98
CMOB,C18,3rd,Thursday,7,Wicken,Village Hall,CB7 5XR,monthly,556859.86,270739.9,143000000,145000000,3000000,3000000,0.5,99
CMOB,C18,3rd,Thursday,8,Isleham,Mill Street,CB7 5RY,monthly,564314.1,274148.75,151500000,161500000,10000000,10000000,1,100
CMOB,C19,3rd,Friday,1,Cambridge Science Park,Bright Horizons,CB4 0WG,monthly,546236,261806,94000000,104500000,10500000,10500000,1.08333,101
CMOB,C19,3rd,Friday,2,Landbeach,High Street,CB25 9FR,monthly,547662.96,265102.9,133000000,140000000,3000000,3000000,0.5,102
CMOB,C19,3rd,Friday,3,Cottenham,Franklin Gardens,CB24 8QW,monthly,544972.92,267538.66,141500000,144000000,2500000,2500000,0.416667,103
CMOB,C19,3rd,Friday,4,Rampton,The Green,CB24 8QD,monthly,542642.55,267967.34,145000000,152000000,3000000,3000000,0.5,104
CMOB,C19,3rd,Friday,5,Histon,"Burdett House, Station Rd",CB24 9LQ,monthly,544060,263045,153500000,161000000,3500000,3500000,0.583333,105
CMOB,C23,4th,Tuesday,1,Little Abington,Westfield,CB21 6BE,monthly,552932.79,249337.96,100000000,103000000,3000000,3000000,0.5,106
CMOB,C23,4th,Tuesday,2,Great Abington,North Road,CB21 6AS,monthly,553057.47,247698.45,104000000,111000000,3000000,3000000,0.5,107
CMOB,C23,4th,Tuesday,3,Great Abington,Magna Close,CB21 6AF,monthly,553306.99,248535.06,112000000,121000000,5000000,5000000,0.833333,108
CMOB,C23,4th,Tuesday,4,Great Abington,The Shop,CB21 6AE,monthly,553308.46,248799.13,121500000,123500000,2000000,2000000,0.333333,109
CMOB,C23,4th,Tuesday,5,Hildersham,High Street,CB21 6BU,monthly,554596.82,248726.14,124500000,130000000,1500000,1500000,0.25,110
CMOB,C23,4th,Tuesday,6,Balsham,Mays Avenue,CB21 4ER,monthly,558413.62,250726.09,141500000,144500000,3000000,3000000,0.5,111
CMOB,C23,4th,Tuesday,7,Balsham,Horseshoe  Close,CB21 6EQ,monthly,559020.98,250615.14,145000000,153000000,4000000,4000000,0.666667,112
CMOB,C23,2nd & 4th,Tuesday,8,Balsham,Bandstand,CB21 5WA,twice monthly,558606.1,250815.53,154000000,164500000,10500000,10500000,1.08333,113
CMOB,C24,4th,Wednesday,1,Isleham,Church Street,CB7 5RY,monthly,564288.13,274342.21,94500000,101000000,2500000,2500000,0.416667,114
CMOB,C24,4th,Wednesday,2,Newmarket,Issinglass Close,CB8 8HX,monthly,566203.7,262596.52,103500000,105500000,2000000,2000000,0.333333,115
CMOB,C24,4th,Wednesday,3,Saxon Street,The Reindeer,CB8 9RS,monthly,567922.51,259402.6,110500000,112000000,2500000,100000000,10,116
CMOB,C24,4th,Wednesday,4,Cheveley,Holland Park,CB8 9DL,monthly,568394.08,261253.5,112500000,114500000,2000000,80000000,8,117
CMOB,C24,4th,Wednesday,5,Ashley,Silverley Way,CB8 9DY,monthly,569668.24,261317.66,115500000,121500000,2000000,80000000,8,118
CMOB,C24,4th,Wednesday,6,Kirtling,Pub,CB8 9PB,monthly,568959.42,256853.74,122500000,124500000,1500000,60000000,6,119
CMOB,C24,4th,Wednesday,7,Woodditton,The Three Blackbirds,CB8 9SQ,monthly,565923.11,258138.06,135500000,141500000,2000000,80000000,8,120
CMOB,C24,4th,Wednesday,8,Stetchworth,Jubilee Court,CB8 9UA,monthly,564048.42,258471,142500000,150000000,3500000,140000000,14,121
CMOB,C24,4th,Wednesday,9,Dullingham,Kettlefields School,CB8 9UH,monthly,563610.73,257868.52,151000000,154000000,3000000,120000000,12,122
CMOB,C24,4th,Wednesday,10,Burrough Green,Telephone Kiosk / Bus stop,CB8 0RQ,monthly,563789,255560,155000000,161000000,2000000,80000000,8,123
CMOB,C25,4th,Thursday,1,Girton,Thornton Court,CB3 0NS,monthly,542952,260625,94000000,100000000,2000000,2000000,0.333333,124
CMOB,C25,4th,Thursday,2,Girton,Abbeyfield,CB3 0GQ,monthly,542820,261216,100500000,105000000,4500000,4500000,0.75,125
CMOB,C25,4th,Thursday,3,Girton,St Vincents Close,CB3 0PA,monthly,542290.11,261658.92,105500000,113000000,3500000,3500000,0.583333,126
CMOB,C25,4th,Thursday,4,Girton,Orchard Close,CB3 0PS,monthly,542347.77,262085.01,113500000,120000000,2500000,2500000,0.416667,127
CMOB,C25,4th,Thursday,5,Girton,Gretton Court,CB3 0QN,monthly,541951.65,262108.53,120500000,124000000,3500000,3500000,0.583333,128
CMOB,C25,4th,Thursday,6,Girton,Churchfield Court,CB3 0XA,monthly,542296.67,262639.97,124500000,133000000,4500000,4500000,0.75,129
CMOB,C25,4th,Thursday,7,Oakington,Coles Lane/High Street,CB24 3BA,monthly,540994.41,264433.19,143000000,145500000,2500000,2500000,0.416667,130
CMOB,C25,4th,Thursday,8,Histon,St Audrey's Close,CB24 9JY,monthly,543241.15,263724.14,150500000,152500000,2000000,2000000,0.333333,131
CMOB,C25,4th,Thursday,9,Histon,Kay Hitch Way,CB24 9JR,monthly,544001.45,262973.68,153000000,160500000,3500000,3500000,0.583333,132
CMOB,C26,4th,Friday,1,Cambridge,Brandon Court,CB1 1DZ,monthly,545751.51,258404.97,93000000,100000000,3000000,3000000,0.5,133
CMOB,C26,4th,Friday,2,Cambridge,Hester Adrian,CB4 1AX,monthly,545859.02,259781.19,101000000,104000000,3000000,3000000,0.5,134
CMOB,C26,4th,Friday,3,Cambridge,Bupa Nursing Home,CB4 1NQ,monthly,546054,259801,104500000,112500000,4000000,4000000,0.666667,135
CMOB,C26,4th,Friday,4,Cambridge,Canon New Court,CB4 1ED,monthly,546217.44,259738.28,113000000,115500000,2500000,2500000,0.416667,136
CMOB,C26,4th,Friday,5,Cambridge,Haig Court,CB4 1TT,monthly,546174.62,259884.7,120000000,123500000,3500000,3500000,0.583333,137
CMOB,C26,4th,Friday,6,Cambridge,Pippin Drive,CB4 1GL,monthly,547128.7,260725.18,124500000,131500000,3000000,3000000,0.5,138
CMOB,C26,4th,Friday,7,Milton,Post Office,CB24 6BW,twice monthly,547855.68,262827.7,142500000,152500000,10000000,10000000,1,139
CMOB,C26,4th,Friday,8,Milton,Community Centre,CB24 6BL,monthly,547597.4,262477.92,153000000,163000000,10000000,10000000,1,140
HMOB,H2,1st,Tuesday,1,Steeple Morden,Russell Close,SG8 0NE,monthly,528783.87,242625.54,102000000,110500000,4500000,4500000,0.75,141
HMOB,H2,1st,Tuesday,2,Guilden Morden,St. Marys Church,SG8 0JD,monthly,527949.12,244102.23,111500000,115500000,4000000,4000000,0.666667,142
HMOB,H2,1st,Tuesday,3,Tadlow,Post Box,SG8 0ES,monthly,528132.05,247395.31,121000000,124000000,3000000,3000000,0.5,143
HMOB,H2,1st,Tuesday,4,Litlington,Church Street,SG8 0QB,monthly,531141.64,242691.87,140000000,141500000,1500000,1500000,0.25,144
HMOB,H2,1st & 3rd,Tuesday,5,Bassingbourn,Knutsford Road,SG8 5HS,twice monthly,533433.44,243893.92,143000000,160000000,13000000,13000000,1.5,145
HMOB,H3,1st,Wednesday,1,Pidley,"Village Hall, Warboys Rd.",PE28 3DA,monthly,532943.33,278058.11,100000000,102000000,2000000,2000000,0.333333,146
HMOB,H3,1st,Wednesday,2,Woodhurst,"Old Post Office, Church St.",PE28 3BN,monthly,531695.68,276099.59,104000000,110500000,2500000,2500000,0.416667,147
HMOB,H3,1st,Wednesday,3,Bluntisham,Wheatley Cresent,PE28 3XN,monthly,536842,275132,112000000,114000000,2000000,2000000,0.333333,148
HMOB,H3,1st,Wednesday,4,Colne,"Village Hall, East St.",PE28 3LZ,monthly,537320.13,275848.31,115500000,121500000,2000000,2000000,0.333333,149
HMOB,H3,1st,Wednesday,5,Somersham,"Windsor Court, Springfield.",PE28 3JA,monthly,536500.96,278135.06,123000000,130000000,3000000,3000000,0.5,150
HMOB,H3,1st,Wednesday,6,Earith,"Bus Shelter, Whybrows Lane",PE28 3PY,monthly,538416.9,274960.46,142000000,145000000,3000000,3000000,0.5,151
HMOB,H3,1st,Wednesday,7,Earith,66 Greenfields/ School Road,PE28 3QH,monthly,538645,275079,150000000,154000000,4000000,4000000,0.666667,152
HMOB,H3,1st,Wednesday,8,Holywell,Ferryboat Inn car park,PE28 2JB,monthly,534227.81,270676.88,155500000,161000000,1500000,1500000,0.25,153
HMOB,H3,1st,Wednesday,9,Needingworth,"Playing Field, Overcote Lane.",PE27 4TU,monthly,534332.89,272002.03,162000000,165000000,3000000,3000000,0.5,154
HMOB,H4,1st,Thursday,1,Brampton,"High Street, Post Office.",PE28 4TG,monthly,521175.83,270769.05,100000000,101500000,1500000,1500000,0.25,155
HMOB,H4,1st,Thursday,2,Brampton,West End,PE28 4RQ,monthly,520468.72,270934.26,102500000,104500000,2000000,2000000,0.333333,156
HMOB,H4,1st,Thursday,3,Brampton,"Hilary Lodge, Horseshoes Way.",PE28 4TL,monthly,520893.39,270908.47,105000000,111500000,2500000,2500000,0.416667,157
HMOB,H4,1st,Thursday,4,Brampton,Miller Way opp. Emery Close,PE28 4RU,monthly,520524,271266,112500000,114000000,1500000,1500000,0.25,158
HMOB,H4,1st,Thursday,5,Brampton,"Hanover Court, Miller way",PE28 4RY,monthly,520854.7,271184.14,114500000,120000000,1500000,1500000,0.25,159
HMOB,H4,1st,Thursday,6,Huntingdon,Millfield House,PE29 3TT,monthly,523493.92,271695.19,121000000,124000000,3000000,3000000,0.5,160
HMOB,H4,1st,Thursday,7,Huntingdon,Ferrars Hall Care Home,PE29 3DQ,monthly,523458,272027,135000000,141000000,2000000,2000000,0.333333,161
HMOB,H4,1st,Thursday,8,Great Stukeley,"Church Road, West View",PE28 4AN,monthly,521884,274493,142500000,144500000,2000000,2000000,0.333333,162
HMOB,H4,1st,Thursday,9,Alconbury,"Primary School, School Lane, Layby",PE28 4EQ,monthly,518662,276175,150000000,154000000,4000000,4000000,0.666667,163
HMOB,H4,1st,Thursday,10,Alconbury,Maypole Square,PE28 4DY,monthly,518554.44,275977.06,155000000,163000000,4000000,4000000,0.666667,164
HMOB,H5,1st,Friday,1,Waresley,Duncombe Arms,SG19 3BS,monthly,524987.17,254558.5,104000000,110000000,2000000,2000000,0.333333,165
HMOB,H5,1st,Friday,2,Gamlingay,Avenells Way,SG19 3EU,monthly,523856.3,252475.01,111000000,114000000,3000000,3000000,0.5,166
HMOB,H5,1st,Friday,3,Gamlingay,Blythe Way,SG19 3JQ,monthly,523836.53,252115.49,114500000,121500000,3000000,3000000,0.5,167
HMOB,H5,1st,Friday,4,Abbotsley,"Church lay-By, High St",PE19 6UL,monthly,522746.82,256577.05,123000000,131500000,4500000,4500000,0.75,168
HMOB,H5,1st,Friday,5,Great Gransden,Church Street,SG19 3AF,monthly,527065.37,255674.67,141500000,144500000,3000000,3000000,0.5,169
HMOB,H5,1st,Friday,6,Little Gransden,Chequers Pub,SG19 3DW,monthly,527239.22,255231.48,145500000,151500000,2000000,2000000,0.333333,170
HMOB,H5,1st,Friday,7,Eltisley,The Green,PE19 6TG,monthly,527176.18,259746.31,153000000,160000000,3000000,3000000,0.5,171
HMOB,H8,2nd,Monday,1,Eaton Socon,"McNish Court, Grenville Way",PE19 8PE,monthly,516761.63,258869.14,100000000,102500000,2500000,2500000,0.416667,172
HMOB,H8,2nd,Monday,2,Eaton Socon,Queens Court,PE19 3BZ,monthly,516942.07,259399.67,103000000,105000000,2000000,2000000,0.333333,173
HMOB,H8,2nd,Monday,3,Eaton Socon,Nelson Lodge Care Home,PE19 8AB,monthly,516535,258667,110000000,113000000,3000000,3000000,0.5,174
HMOB,H8,2nd,Monday,4,Eaton Ford,Hanover Court,PE19 7SG,monthly,517716.17,260181.86,114000000,120000000,2000000,2000000,0.333333,175
HMOB,H8,2nd,Monday,5,Eaton Ford,"Cavendish Court, Crosshall Rd.",PE19 7SR,monthly,517854.45,260182.25,120500000,122000000,1500000,1500000,0.25,176
HMOB,H8,2nd,Monday,6,St Neots,"Waterside Court, Church Street.",PE19 2BL,monthly,518504.96,260075.1,123000000,130000000,3000000,3000000,0.5,177
HMOB,H8,2nd,Monday,7,St Neots,"Old Market Court, Tebbutts Road.",PE19 1DJ,monthly,518413.6,260457.41,141500000,144500000,3000000,3000000,0.5,178
HMOB,H8,2nd,Monday,8,St Neots,The Close/ Meadow Close,PE19 1JR,monthly,518728.04,260200.5,145500000,151000000,1500000,1500000,0.25,179
HMOB,H8,2nd,Monday,9,St Neots,"Chesterton Court, Russell St.",PE19 1BA,monthly,518442,260535,152000000,155500000,3500000,3500000,0.583333,180
HMOB,H9,2nd,Tuesday,1,Godmanchester,Rectory Gardens,PE29 2BH,monthly,525028.05,270677.65,100500000,103000000,2500000,2500000,0.416667,181
HMOB,H9,2nd,Tuesday,2,Godmanchester,McCartney House,PE29 2NJ,monthly,525194.09,270081.16,104000000,110500000,2500000,2500000,0.416667,182
HMOB,H9,2nd,Tuesday,3,Fen Drayton,"School, Cootes lane",CB24 4SL,monthly,533577.76,268450.31,113000000,120000000,3000000,3000000,0.5,183
HMOB,H9,2nd,Tuesday,4,Fen Drayton,War Memorial,CB24 4SF,monthly,534086.86,268153.5,121000000,124000000,3000000,3000000,0.5,184
HMOB,H9,2nd & 4th,Tuesday,5,Over,"The Green, Willingham Rd.",CB24 5PD,twice monthly,537801.81,270510.28,140000000,143000000,3000000,3000000,0.5,185
HMOB,H9,2nd & 4th,Tuesday,6,Over,"Elm Court, Drings Close.",CB24 5SB,twice monthly,537312,270420,144000000,153000000,5000000,5000000,0.833333,186
HMOB,H9,2nd & 4th,Tuesday,7,Over,Hilton Street,CB24 5PU,twice monthly,537582.8,270207.88,154000000,163000000,5000000,5000000,0.833333,187
HMOB,H10,2nd,Wednesday,1,Diddington,Manor Farm,PE19 5XU,monthly,519497.31,265579.77,100500000,102000000,1500000,1500000,0.25,188
HMOB,H10,2nd,Wednesday,2,Southoe,The Church,PE19 5YE,monthly,518315.2,264409.47,103500000,105500000,2000000,2000000,0.333333,189
HMOB,H10,2nd,Wednesday,3,Spaldwick,The Green - High St.,PE28 0TD,monthly,512927,272779,112000000,114000000,2000000,2000000,0.333333,190
HMOB,H10,2nd,Wednesday,4,Stow Longa,The Green,PE28 0TL,monthly,510845.45,270978.24,115500000,121500000,2000000,2000000,0.333333,191
HMOB,H10,2nd,Wednesday,5,Catworth,"Station Road, (bus shelter)",PE28 0PE,monthly,508749.4,273151.04,123000000,130000000,3000000,3000000,0.5,192
HMOB,H10,2nd,Wednesday,6,Covington,"Cross Street, (post box)",PE28 0RS,monthly,505522,270812,141500000,143000000,1500000,1500000,0.25,193
HMOB,H10,2nd & 4th,Wednesday,7,Kimbolton,Stow Road (Newtown),PE28 0HX,twice monthly,509804,268416,144500000,160000000,11500000,11500000,1.25,194
HMOB,H10,2nd & 4th,Wednesday,8,Kimbolton,Castle Gardens,PE28 0JF,twice monthly,509658.85,267965.24,161500000,165000000,3500000,3500000,0.583333,195
HMOB,H11,2nd,Thursday,1,Little Eversden,Harlton Road,CB23 1HB,monthly,537474.8,252706.43,102000000,103500000,1500000,1500000,0.25,196
HMOB,H11,2nd,Thursday,2,Little Eversden,Recreation Ground,CB23 1HE,monthly,536895.45,253191.15,104000000,110000000,2000000,2000000,0.333333,197
HMOB,H11,2nd,Thursday,3,Great Eversden,Old Post Office,CB23 1HN,monthly,536308.29,253562.21,110500000,112000000,1500000,1500000,0.25,198
HMOB,H11,2nd,Thursday,4,Kingston,Crossroads,CB23 2NP,monthly,534551.48,255145.91,113000000,114500000,1500000,1500000,0.25,199
HMOB,H11,2nd,Thursday,5,Caldecote Highfields,Nr 117 Highfields Road,CB23 7NX,monthly,535512.99,259145.97,115500000,123500000,4000000,4000000,0.666667,200
HMOB,H11,2nd,Thursday,6,Hilton,Village Hall car park.,PE28 9NA,monthly,529215.73,266180.59,140500000,142000000,1500000,1500000,0.25,201
HMOB,H11,2nd,Thursday,7,Elsworth,The Poacher,CB23 4JS,monthly,531539.79,263615.2,143500000,145500000,2000000,2000000,0.333333,202
HMOB,H11,2nd & 4th,Thursday,8,Fenstanton,"Headlands, Tythe Piece.",PE28 9LR,twice monthly,532174,268312,151500000,154500000,3000000,3000000,0.5,203
HMOB,H11,2nd & 4th,Thursday,9,Fenstanton,Chapel Green,PE28 9LQ,twice monthly,531810,268761,155000000,162000000,3000000,3000000,0.5,204
HMOB,H12,2nd,Friday,1,Hardwick,"School, Limes Road",CB23 7RE,monthly,537530.81,259263.72,104000000,115000000,11000000,11000000,1.16667,205
HMOB,H12,2nd,Friday,2,Dry Drayton,Pettitts Lane,CB23 8BT,monthly,538193,262505,122000000,125000000,3000000,3000000,0.5,206
HMOB,H12,2nd,Friday,3,Hardwick,St Neots Road layby [Tall trees],CB23 7QH,monthly,538151.71,259517.1,141500000,143000000,1500000,1500000,0.25,207
HMOB,H12,2nd,Friday,4,Hardwick,"Blue Lion, Main St.",CB23 7QU,monthly,537253,258513,144000000,145500000,1500000,1500000,0.25,208
HMOB,H12,2nd,Friday,5,Hardwick,"Nr School,  Limes Road",CB23 7QR,monthly,537461,259313,150500000,160000000,5500000,5500000,0.916667,209
HMOB,H15,3rd,Monday,1,Little Paxton,"Gordon Road, Lay by.",PE19 6NB,monthly,518947.23,262494.8,101000000,103000000,2000000,2000000,0.333333,210
HMOB,H15,3rd,Monday,2,Eynesbury,"Poppyfields, Buttercup Avenue.",PE19 2PF,monthly,518262,258391,105000000,112000000,3000000,3000000,0.5,211
HMOB,H15,3rd,Monday,3,Eynesbury,Howitts Gardens,PE19 2NW,monthly,518959.69,258804.55,113000000,114500000,1500000,1500000,0.25,212
HMOB,H15,3rd,Monday,4,Eynesbury,Caernarvon Road,PE19 2SW,monthly,518520,258571,115500000,121000000,1500000,1500000,0.25,213
HMOB,H15,3rd,Monday,5,Eynesbury,The Green,PE19 2ND,monthly,518550.19,259560.1,122000000,124000000,2000000,2000000,0.333333,214
HMOB,H15,3rd,Monday,6,Eaton Socon,"Church, School Lane.",PE19 3HN,monthly,517031.78,258807.62,140000000,144500000,4500000,4500000,0.75,215
HMOB,H15,3rd,Monday,7,Great Paxton,Towgood Way,PE19 6RR,monthly,521117.46,263873.38,151000000,154500000,3500000,3500000,0.583333,216
HMOB,H15,3rd,Monday,8,Offord Darcy,"Orchard Way, opp. Bramley Drive.",PE19 5RE,monthly,522029,266893,155500000,161500000,2000000,2000000,0.333333,217
HMOB,H15,3rd,Monday,9,Offord Cluny,Elm Drive,PE19 5RN,monthly,522050.31,266895.72,162500000,164000000,1500000,1500000,0.25,218
HMOB,H16,3rd,Tuesday,1,Arrington,Church Lane,SG8 0BD,monthly,532764.7,250237.64,101000000,104000000,3000000,3000000,0.5,219
HMOB,H16,3rd,Tuesday,2,Croydon,Clopton Close,SG8 0DT,monthly,531258.67,249276.27,105000000,110500000,1500000,1500000,0.25,220
HMOB,H16,3rd,Tuesday,3,East Hatley,"Phone Box, Main Street",SG19 3JA,monthly,528828.07,250691.82,111500000,113000000,1500000,1500000,0.25,221
HMOB,H16,3rd,Tuesday,4,Orwell,Lordship Close,SG8 5TH,monthly,536180.62,250422.37,115000000,122000000,3000000,3000000,0.5,222
HMOB,H16,3rd,Tuesday,5,Orwell,Hurdleditch Road,SG8 5QG,monthly,535818.58,249934.42,123000000,125000000,2000000,2000000,0.333333,223
HMOB,H16,3rd,Tuesday,6,Abington Piggots,The Pig and Abbot,SG8 0SD,monthly,530752.72,244538.48,140000000,141500000,1500000,1500000,0.25,224
HMOB,H16,1st & 3rd,Tuesday,7,Bassingbourn,Knutsford Road,SG8 5HS,twice monthly,533433.44,243893.92,143000000,160000000,13000000,13000000,1.5,225
HMOB,H17,3rd,Wednesday,1,Huntingdon,"Skeels Court, Thames Rd.",PE29 1TD,monthly,524824,273421,100000000,103000000,3000000,3000000,0.5,226
HMOB,H17,3rd,Wednesday,2,St Ives,Broadleas Court,PE27 5XG,monthly,531329,271554,105000000,111000000,2000000,2000000,0.333333,227
HMOB,H17,3rd,Wednesday,3,St Ives,"Harvest Court, North Rd.",PE27 5QZ,monthly,531203.79,271624.54,111500000,114500000,3000000,3000000,0.5,228
HMOB,H17,3rd,Wednesday,4,St Ives,Field Lodge,PE27 5EX,monthly,530765,270303,120000000,123000000,3000000,3000000,0.5,229
HMOB,H17,3rd,Wednesday,5,Houghton,The Three Horseshoes Inn car park.,PE28 2BE,monthly,528292,272779,140000000,141500000,1500000,1500000,0.25,230
HMOB,H17,3rd,Wednesday,6,Wyton,"Pine Hill Park, Sawtry Way.",PE28 2DZ,monthly,528602.19,273180.52,142500000,150000000,3500000,3500000,0.583333,231
HMOB,H17,3rd,Wednesday,7,Wyton on the Hill,"Cambridge Square, playground.",PE28 2JB,monthly,528724.37,273424.51,151000000,154000000,3000000,3000000,0.5,232
HMOB,H17,3rd,Wednesday,8,Huntingdon,"Medway Court, Medway Road.",PE29 1SF,monthly,524499.4,273373.03,160000000,163000000,3000000,3000000,0.5,233
HMOB,H18,3rd,Thursday,1,Little Stukeley,Church Way,PE28 4BQ,monthly,520915,275684,101000000,103000000,2000000,2000000,0.333333,234
HMOB,H18,3rd,Thursday,2,Alconbury,"Crown Gardens, High St.",PE28 4HP,monthly,518642.9,275874.46,104500000,111500000,3000000,3000000,0.5,235
HMOB,H18,3rd,Thursday,3,Sawtry,"Mellors Court, High St.",PE28 5SP,monthly,516719.24,283917.23,113500000,120500000,3000000,3000000,0.5,236
HMOB,H18,3rd,Thursday,4,Glatton,"The Green, Infield Rd.",PE28 5RP,monthly,515449,286017,121500000,123000000,1500000,1500000,0.25,237
HMOB,H18,3rd,Thursday,5,Great Gidding,"Playing Field, Winwick Road",PE28 5PB,monthly,511661,282895,124000000,125500000,1500000,1500000,0.25,238
HMOB,H18,3rd,Thursday,6,Winwick,The Green,PE28 5PP,monthly,510398.25,280700.37,141000000,143000000,2000000,2000000,0.333333,239
HMOB,H18,3rd,Thursday,7,Hamerton,Sawpit Lane,PE28 5QS,monthly,513584.91,279619.87,144500000,150000000,1500000,1500000,0.25,240
HMOB,H18,3rd,Thursday,8,Upton,The Church,PE28 4JD,monthly,517467.2,278474.98,151500000,154500000,3000000,3000000,0.5,241
HMOB,H18,3rd,Thursday,9,Alconbury Weston,The Green,PE28 4JP,monthly,517866.9,276850.16,160000000,163000000,3000000,3000000,0.5,242
HMOB,H19,3rd,Friday,1,Toseland,75 High Street,PE19 6RX,monthly,523950,262565,101500000,103000000,1500000,1500000,0.25,243
HMOB,H19,3rd,Friday,2,Yelling,47 High Street,PE19 6SB,monthly,525534,262605,104000000,105500000,1500000,1500000,0.25,244
HMOB,H19,3rd,Friday,3,Longstowe,Rushbrook Close,CB23 2UL,monthly,530876,255085,111000000,112500000,1500000,1500000,0.25,245
HMOB,H19,3rd,Friday,4,Bourn,Meadow Rise,CB23 7TG,monthly,532324.25,256786.69,114000000,120000000,2000000,2000000,0.333333,246
HMOB,H19,3rd,Friday,5,Bourn,"School, Riddy Lane",CB23 7SP,monthly,532156.15,256422.57,120500000,122500000,2000000,2000000,0.333333,247
HMOB,H19,3rd,Friday,6,Bourn,Hall Close,CB23 7SW,monthly,532155,256322,123500000,130000000,2500000,2500000,0.416667,248
HMOB,H19,3rd,Friday,7,Toft,Post Office Green,CB23 2RL,monthly,535987.14,256199.53,143000000,151500000,4500000,4500000,0.75,249
HMOB,H19,3rd,Friday,8,Comberton,Nursery Way,CB23 7EL,monthly,538063.9,256100.28,152500000,155500000,3000000,3000000,0.5,250
HMOB,H23,4th,Tuesday,1,Huntingdon,Lord Protector,PE29 1NH,monthly,524811.15,272756.53,100000000,104500000,4500000,4500000,0.75,251
HMOB,H23,4th,Tuesday,2,Hemingford Abbots,Axe & Compass,PE28 9AH,monthly,528284.76,271066.01,110500000,112000000,1500000,1500000,0.25,252
HMOB,H23,4th,Tuesday,3,Hemingford Grey,Church Street,PE28 9DF,monthly,529516.44,270601.58,113000000,121000000,4000000,4000000,0.666667,253
HMOB,H23,4th,Tuesday,4,Hemingford Grey,"Old Pound Close, opp. The School.",PE28 9DY,monthly,529924.09,270690.1,122000000,123500000,1500000,1500000,0.25,254
HMOB,H23,2nd & 4th,Tuesday,5,Over,"The Green, Willingham Rd.",CB24 5PD,twice monthly,537801.81,270510.28,140000000,143000000,3000000,3000000,0.5,255
HMOB,H23,2nd & 4th,Tuesday,6,Over,"Elm Court, Drings Close.",CB24 5SB,twice monthly,537312,270420,144000000,153000000,5000000,5000000,0.833333,256
HMOB,H23,2nd & 4th,Tuesday,7,Over,Hilton Street,CB24 5PU,twice monthly,537582.8,270207.88,154000000,163000000,5000000,5000000,0.833333,257
HMOB,H24,4th,Wednesday,1,Ellington,Mermaid Pub,PE28 0AD,monthly,518035,271826,100000000,103000000,3000000,3000000,0.5,258
HMOB,H24,4th,Wednesday,2,Grafham,Breach Road,PE28 0BA,monthly,516146.31,269220.2,104000000,110500000,2500000,2500000,0.416667,259
HMOB,H24,4th,Wednesday,3,Perry,Chichester Way,PE28 0BS,monthly,514860.65,266915.17,111500000,120500000,5000000,5000000,0.833333,260
HMOB,H24,4th,Wednesday,4,Hail Weston,Orchard Close,PE19 5LF,monthly,516450,262264,122500000,124500000,2000000,2000000,0.333333,261
HMOB,H24,4th,Wednesday,5,Great Staughton,The Causeway,PE19 4DA,monthly,512980.44,264626.29,140000000,143000000,3000000,3000000,0.5,262
HMOB,H24,2nd & 4th,Wednesday,6,Kimbolton,Stow Road (Newtown),PE28 0HX,twice monthly,509804,268416,144500000,160000000,11500000,11500000,1.25,263
HMOB,H24,2nd & 4th,Wednesday,7,Kimbolton,Castle Gardens,PE28 0JF,twice monthly,509658.85,267965.24,161500000,165000000,3500000,3500000,0.583333,264
HMOB,H25,4th,Thursday,1,Godmanchester,Old Court Hall,PE29 2HA,monthly,524502.15,270320.72,100000000,102000000,2000000,2000000,0.333333,265
HMOB,H25,4th,Thursday,2,Godmanchester,"Oaktree Court, West St.",PE29 2LZ,monthly,524287.03,270296.58,103000000,105500000,2500000,2500000,0.416667,266
HMOB,H25,4th,Thursday,3,Swavesey,Thistle Green,CB24 4SA,monthly,536149.97,268639.25,112000000,115000000,3000000,3000000,0.5,267
HMOB,H25,4th,Thursday,4,Longstanton,The Dale,CB24 3DH,monthly,539770.02,266492.71,120000000,122000000,2000000,2000000,0.333333,268
HMOB,H25,4th,Thursday,5,Longstanton,Prentice Close,CB24 3DY,monthly,539652.11,266797.22,122500000,125000000,2500000,2500000,0.416667,269
HMOB,H25,4th,Thursday,6,Lolworth,The Green,CB23 8HH,monthly,536679.76,264100.68,142000000,145000000,3000000,3000000,0.5,270
HMOB,H25,2nd & 4th,Thursday,7,Fenstanton,"Headlands, Tythe Piece.",PE28 9LR,twice monthly,532174,268312,151500000,154500000,3000000,3000000,0.5,271
HMOB,H25,2nd & 4th,Thursday,8,Fenstanton,Chapel Green,PE28 9JQ,twice monthly,531810,268761,155000000,162000000,3000000,3000000,0.5,272
MMOB,M2,1st,Tuesday,1,March,Elliott Lodge,PE15 8BP,monthly,540551.2,297187,94500000,101000000,2500000,2500000,0.416667,273
MMOB,M2,1st,Tuesday,2,March,Shaftesbury Court,PE15 9DG,monthly,542191.52,296123.21,102000000,105000000,3000000,3000000,0.5,274
MMOB,M2,1st,Tuesday,3,March,Upwell Park,PE15 0DR,monthly,542836.69,296047.75,105500000,111500000,2000000,2000000,0.333333,275
MMOB,M2,1st,Tuesday,4,March,Fleming Court,PE15 9BH,monthly,542515.43,296484.44,113000000,114500000,1500000,1500000,0.25,276
MMOB,M2,1st,Tuesday,5,Christchurch,Lay-by,SG8 7NT,monthly,549380.14,296648.32,121500000,124500000,3000000,3000000,0.5,277
MMOB,M2,1st,Tuesday,6,Manea,Festival Close,PE15 0HD,monthly,548066.17,289892.97,140000000,142500000,2500000,2500000,0.416667,278
MMOB,M2,1st,Tuesday,7,Manea,Station Road,PE15 0HJ,monthly,547967.81,289773.74,143000000,154000000,11000000,11000000,1.16667,279
MMOB,M2,1st,Tuesday,8,Manea,High Street,PE15 0JA,monthly,548015.91,289445.05,154500000,161500000,3000000,3000000,0.5,280
MMOB,M3,1st,Wednesday,1,Haddenham,Camping Close,CB6 3UA,monthly,546453,275141.57,101500000,113000000,11500000,11500000,1.25,281
MMOB,M3,1st,Wednesday,2,Aldreth,High Street,CB6 3PQ,monthly,544548.53,273420.75,114000000,120000000,2000000,2000000,0.333333,282
MMOB,M3,1st,Wednesday,3,Wilburton,Littlefield Close,CB6 3RU,monthly,548412.3,275342.9,121500000,130000000,4500000,4500000,0.75,283
MMOB,M3,1st,Wednesday,4,Stretham,Cambridge Road,CB6 3LW,monthly,550809.75,274323.2,133000000,134500000,1500000,1500000,0.25,284
MMOB,M3,1st,Wednesday,5,Stretham,Meadowcroft,CB6 3JY,monthly,551492.63,274452.85,135000000,141500000,2500000,2500000,0.416667,285
MMOB,M3,1st,Wednesday,6,Stretham,Hazel Court,CB6 3LY,monthly,551379.59,274759.41,142000000,144000000,2000000,2000000,0.333333,286
MMOB,M3,1st,Wednesday,7,Mepal,Post Office,CB6 2AW,monthly,544244.9,280830.53,151500000,160000000,4500000,4500000,0.75,287
MMOB,M4,1st,Thursday,1,Murrow,School,PE13 4HD,monthly,537440.67,306477.74,100000000,104000000,4000000,4000000,0.666667,288
MMOB,M4,1st,Thursday,2,Parson Drove,Payne School,PE13 4JD,monthly,537073,308535,105000000,121500000,12500000,12500000,1.41667,289
MMOB,M4,1st,Thursday,3,Murrow,"Front Road, Paddocks",PE13 4JQ,monthly,537417.97,306981.25,122500000,124000000,1500000,1500000,0.25,290
MMOB,M4,1st,Thursday,4,Wimblington,King Street,PE15 0QF,monthly,541681.51,292525.09,142500000,144500000,2000000,2000000,0.333333,291
MMOB,M4,1st,Thursday,5,Doddington,26 Newgate,PE15 0SR,monthly,539629.62,290390.12,145500000,151000000,1500000,1500000,0.25,292
MMOB,M4,1st,Thursday,6,Doddington,Clock Tower,PE15 0TG,monthly,540057.25,290771.64,152000000,155000000,3000000,3000000,0.5,293
MMOB,M4,1st,Thursday,7,Doddington,Child Lane,PE15 0TG,monthly,540375.12,290778.43,160000000,162000000,2000000,2000000,0.333333,294
MMOB,M5,1st,Friday,1,Whittlesey,St Mary’s House,PE7 1BG,monthly,526845.42,297345.45,94500000,101500000,3000000,3000000,0.5,295
MMOB,M5,1st,Friday,2,Whittlesey,Sudbury Court,PE7 1RY,monthly,526722.46,297690.25,102000000,104500000,2500000,2500000,0.416667,296
MMOB,M5,1st,Friday,3,Whittlesey,Palmers Court,PE7 1TA,monthly,527697.57,296725.1,105500000,111500000,2000000,2000000,0.333333,297
MMOB,M5,1st,Friday,4,Coldham,Lay-by,PE14 0ND,monthly,543476.15,302873.9,114500000,120000000,1500000,1500000,0.25,298
MMOB,M5,1st,Friday,5,Friday Bridge,"17 Mill Way, off The Stitch",PE14 0HZ,monthly,547130.27,305180.33,121500000,123500000,2000000,2000000,0.333333,299
MMOB,M5,1st,Friday,6,Friday Bridge,The School,PE14 0HG,monthly,546517.13,304682.84,133000000,141500000,4500000,4500000,0.75,300
MMOB,M5,1st,Friday,7,Elm,31 Friday Bridge Road,PE14 0AS,monthly,546929.83,306273.44,142500000,145000000,2500000,2500000,0.416667,301
MMOB,M5,1st,Friday,8,Elm,The Dale,PE14 0BP,monthly,546705.07,306891.91,150000000,151500000,1500000,1500000,0.25,302
MMOB,M5,1st,Friday,9,Elm,Roseberry Road,PE14 0AN,monthly,547100.44,306359.17,152000000,154500000,2500000,2500000,0.416667,303
MMOB,M5,1st,Friday,10,Elm,Church Hall,PE14 0AF,monthly,547008.49,306974.6,155000000,161000000,2000000,2000000,0.333333,304
MMOB,M9,2nd & 4th,Tuesday,1,Sutton,Brooklands Centre,CB6 2QQ,twice monthly,544184.33,279033.29,100000000,120000000,20000000,20000000,2,305
MMOB,M9,2nd,Tuesday,2,Stuntney,Nr Social Centre,CB7 5TL,monthly,555592.03,278043.69,123000000,130000000,3000000,3000000,0.5,306
MMOB,M9,2nd,Tuesday,3,Little Thetford,Church,CB6 3HA,monthly,553145.08,276310.8,140000000,141500000,1500000,1500000,0.25,307
MMOB,M9,2nd & 4th,Tuesday,4,Witchford,West End,CB6 2HP,twice monthly,549605.64,278796.82,144500000,152000000,2000000,2000000,0.333333,308
MMOB,M9,2nd & 4th,Tuesday,5,Witchford,Victoria Gardens,CB6 2XB,twice monthly,549902.4,278907.84,152500000,160000000,4500000,4500000,0.75,309
MMOB,M10,2nd,Wednesday,1,Wisbech,Rose Lodge,PE13 3EP,monthly,547078.14,311095.94,102500000,105500000,3000000,3000000,0.5,310
MMOB,M10,2nd,Wednesday,2,Wisbech,Oasis Centre,PE13 3NR,monthly,546592.3,310946.89,110000000,120000000,10000000,10000000,1,311
MMOB,M10,2nd,Wednesday,3,Wisbech,Orchard House,PE13 2JF,monthly,546911,309146,133000000,140000000,3000000,3000000,0.5,312
MMOB,M10,2nd,Wednesday,4,Wisbech,Edina Court,PE13 1RL,monthly,545534.1,309938.71,141500000,144500000,3000000,3000000,0.5,313
MMOB,M10,2nd,Wednesday,5,Wisbech,Fenland Village,PE13 3JY,monthly,546012.29,311205.23,150000000,153000000,3000000,3000000,0.5,314
MMOB,M10,2nd,Wednesday,6,Wisbech,Osborne Park,PE13 3JY,monthly,545936.6,311272.3,153500000,160000000,2500000,2500000,0.416667,315
MMOB,M11,2nd,Thursday,1,Benwick,Chapel Gardens,PE15 0XH,monthly,534261.83,290372.98,100500000,102500000,2000000,2000000,0.333333,316
MMOB,M11,2nd,Thursday,2,Benwick,Village Hall,PE15 0XH,monthly,534310.28,290133.41,103000000,104500000,1500000,1500000,0.25,317
MMOB,M11,2nd,Thursday,3,Ramsey Forty Foot,Phone Box,PE26 2XN,monthly,530657.64,287886.2,110000000,111500000,1500000,1500000,0.25,318
MMOB,M11,2nd,Thursday,4,Ramsey,Mill House,PE17 1EP,monthly,528928.06,285291.42,113000000,115500000,2500000,2500000,0.416667,319
MMOB,M11,2nd,Thursday,5,Abbots Ripton,School,PE28 2LT,monthly,523071.22,278129.31,133000000,140000000,3000000,3000000,0.5,320
MMOB,M11,2nd,Thursday,6,Wood Walton,Public House/ New Road,PE28 2AG,monthly,521439.33,280873.14,141500000,143000000,1500000,1500000,0.25,321
MMOB,M11,2nd,Thursday,7,Conington,"Lay-by, Church Road.",PE7 3QL,monthly,517532.71,285895.7,144500000,151000000,2500000,2500000,0.416667,322
MMOB,M11,2nd,Thursday,8,Holme,Holmewood,PE7 3PG,monthly,518603.9,287755.45,152000000,154500000,2500000,2500000,0.416667,323
MMOB,M12/26,2nd & 4th,Friday,1,Rings End,March Road,PE13 4DA,twice monthly,539796.11,302458.87,94500000,100500000,2000000,2000000,0.333333,324
MMOB,M12/26,2nd & 4th,Friday,2,Bunkers Hill,Lay-by,PE13 4SQ,twice monthly,540775.1,307104.76,101500000,103500000,2000000,2000000,0.333333,325
MMOB,M12/26,2nd & 4th,Friday,3,Wisbech St Mary,Church Road,PE13 4RY,twice monthly,542060.72,308163.59,104500000,112500000,4000000,4000000,0.666667,326
MMOB,M12/26,2nd & 4th,Friday,4,Leverington,Dowgate Road,PE13 5DJ,twice monthly,544948.76,310647.64,114000000,115500000,1500000,1500000,0.25,327
MMOB,M12/26,2nd & 4th,Friday,5,Leverington Common,Pear Tree Crescent,PE13 5AY,twice monthly,544016.43,310755.54,120000000,121500000,1500000,1500000,0.25,328
MMOB,M12/26,2nd & 4th,Friday,6,Leverington,Richmond Way,PE13 5JX,twice monthly,544221.64,311663.43,133500000,140000000,2500000,2500000,0.416667,329
MMOB,M12/26,2nd & 4th,Friday,7,Leverington,Popes Lane,PE13 5BD,twice monthly,543832.08,311784.78,140500000,142500000,2000000,2000000,0.333333,330
MMOB,M12/26,2nd & 4th,Friday,8,Wisbech St Mary,Cannon Close,PE13 4RD,twice monthly,541720.05,307925.77,144000000,154500000,10500000,10500000,1.08333,331
MMOB,M12/26,2nd & 4th,Friday,9,Guyhirn,Chapelfield,PE13 4EE,twice monthly,540176.65,303962.28,160000000,161500000,1500000,1500000,0.25,332
MMOB,M16,3rd,Tuesday,1,Upwood,Public House,PE26 2QE,monthly,525939.81,282757.43,93500000,100000000,2500000,2500000,0.416667,333
MMOB,M16,3rd,Tuesday,2,Great Raveley,Spindlewood Lodge,PE28 2QX,monthly,525296,281352,100500000,101500000,1000000,1000000,0.166667,334
MMOB,M16,3rd,Tuesday,3,Wistow,T junction,PE28 2QA,monthly,527821.32,281055.79,103000000,104500000,1500000,1500000,0.25,335
MMOB,M16,3rd,Tuesday,4,Ramsey Heights,Council Houses,PE26 2RJ,monthly,525323.6,285685.73,110000000,112500000,2500000,2500000,0.416667,336
MMOB,M16,3rd,Tuesday,5,Ramsey St Mary’s,School,PE26 2TG,monthly,525574.79,288498.2,113000000,121500000,4500000,4500000,0.75,337
MMOB,M16,3rd,Tuesday,6,Ramsey Mereside,Marriots Drove,PE26 2TY,monthly,528426.45,289280.17,122500000,125500000,3000000,3000000,0.5,338
MMOB,M16,3rd,Tuesday,7,Farcet,School,PE7 3AR,monthly,520468,294725,144500000,153000000,4500000,4500000,0.75,339
MMOB,M16,3rd,Tuesday,8,Farcet,Main Street,PE7 3DB,monthly,520429.96,294583.47,154000000,161500000,3500000,3500000,0.583333,340
MMOB,M17,3rd,Wednesday,1,Tydd St Giles,Hockland Road,PE13 5LF,monthly,542616.1,315935.23,101500000,111000000,5500000,5500000,0.916667,341
MMOB,M17,3rd,Wednesday,2,Tydd St Giles,Kinderley School,PE13 5LG,monthly,542461.21,316636.62,111500000,120000000,4500000,4500000,0.75,342
MMOB,M17,3rd,Wednesday,3,Newton (Fenland),Goodens Lane,PE13 5HQ,monthly,543838.98,314729.9,121500000,123500000,2000000,2000000,0.333333,343
MMOB,M17,3rd,Wednesday,4,Gorefield,School,PE13 4NB,monthly,541924.74,311918.31,144500000,154000000,5500000,5500000,0.916667,344
MMOB,M17,3rd,Wednesday,5,Gorefield,Post Office Stores,PE13 4PG,monthly,541531.9,312057.16,154500000,160000000,1500000,1500000,0.25,345
MMOB,M17,3rd,Wednesday,6,Gorefield,Mill Height,PE13 4PJ,monthly,541132.83,312126.9,160500000,162500000,2000000,2000000,0.333333,346
MMOB,M18,3rd,Thursday,1,Doddington,"Doddington Court, Sanctuary Housing.",PE15 0WD,monthly,539565,290941,124500000,131500000,3000000,3000000,0.5,347
MMOB,M18,3rd,Thursday,2,Chatteris,Lyons Court,PE16 6PB,monthly,539043.7,286400.4,133000000,140000000,3000000,3000000,0.5,348
MMOB,M18,3rd,Thursday,3,Chatteris,Quaker Way,PE16 6NJ,monthly,539046.37,285839.56,141000000,143000000,2000000,2000000,0.333333,349
MMOB,M18,3rd,Thursday,4,Coates,The Green,PE7 2BJ,monthly,530779.51,297641.95,151500000,155000000,3500000,3500000,0.583333,350
MMOB,M18,3rd,Thursday,5,Coates,Grounds Way,PE7 2BS,monthly,531063.01,297637.05,155500000,161500000,2000000,2000000,0.333333,351
MMOB,M19,3rd,Friday,1,Littleport,Beach Court,CB6 1JG,monthly,556071.8,286886.53,104000000,111000000,3000000,3000000,0.5,352
MMOB,M19,3rd,Friday,2,Littleport,Anchor Court,CB6 1NL,monthly,557152.52,286608.62,112000000,114000000,2000000,2000000,0.333333,353
MMOB,M19,3rd,Friday,3,Littleport,New Orchard Park,CB6 1LT,monthly,557424.08,286551.68,114500000,121000000,2500000,2500000,0.416667,354
MMOB,M19,3rd,Friday,4,Black Horse Drove,Community Centre,CB6 1EG,monthly,559658.15,291617.17,123000000,125000000,2000000,2000000,0.333333,355
MMOB,M19,3rd,Friday,5,Chettisham,The Hamlet,CB6 1SB,monthly,554815.8,283010.25,134500000,141500000,3000000,3000000,0.5,356
MMOB,M19,3rd,Friday,6,Pymoor,Main Street,CB6 2DY,monthly,549704.62,286312.79,143000000,144500000,1500000,1500000,0.25,357
MMOB,M19,3rd,Friday,7,Little Downham,Village Hall,CB6 2SX,monthly,552562.06,284116.77,150000000,154500000,4500000,4500000,0.75,358
MMOB,M23,2nd & 4th,Tuesday,1,Sutton,Brooklands Centre,CB6 2QQ,twice monthly,544184.33,279033.29,100000000,120000000,20000000,20000000,2,359
MMOB,M23,4th,Tuesday,2,Prickwillow,Old Phone box,CB7 4UN,monthly,559407,282456,123500000,125500000,2000000,2000000,0.333333,360
MMOB,M23,4th,Tuesday,3,Queen Adeliade,Village,CB7 4SH,monthly,556382,281459,130500000,132500000,2000000,2000000,0.333333,361
MMOB,M23,2nd & 4th,Tuesday,4,Witchford,West End,CB6 2HP,twice monthly,549605.64,278796.82,144500000,152000000,2000000,2000000,0.333333,362
MMOB,M23,2nd & 4th,Tuesday,5,Witchford,Victoria Gardens,CB6 2XB,twice monthly,549902.4,278907.84,152500000,160000000,4500000,4500000,0.75,363
MMOB,M24,4th,Wednesday,1,Stilton,Primary School,PE7 3RF,monthly,515957,289288,93000000,101500000,14500000,14500000,1.75,364
MMOB,M24,4th,Wednesday,2,Folksworth,Elm Rd [near No.57],PE7 3SX,monthly,514562.78,289655.51,103000000,105000000,2000000,2000000,0.333333,365
MMOB,M24,4th,Wednesday,3,Stibbington,Roman Drive,PE8 6LL,monthly,508608,298733,111000000,113000000,2000000,2000000,0.333333,366
MMOB,M24,4th,Wednesday,4,Elton,"Bus Stop, Middle St/Overend",PE8 6RY,monthly,508941.39,293762.88,114500000,121500000,3000000,3000000,0.5,367
MMOB,M24,4th,Wednesday,5,Chesterton,"Lay-by, 43 Oundle Way",PE7 3UA,monthly,512430.49,295140.46,135000000,140500000,1500000,1500000,0.25,368
MMOB,M24,4th,Wednesday,6,Alwalton,Lay by,PE7 3GA,monthly,513507,295805,141000000,145000000,4000000,4000000,0.666667,369
MMOB,M24,4th,Wednesday,7,Stilton,The Talbot,PE7 3RA,monthly,516250.45,289371.4,151000000,160000000,5000000,5000000,0.833333,370
MMOB,M25,4th,Thursday,1,Molesworth,Telephone Kiosk,PE28 0QF,monthly,507425.57,275864.65,111500000,114000000,2500000,2500000,0.416667,371
MMOB,M25,4th,Thursday,2,Bythorn,"Old School, School Lane.",PE28 0QS,monthly,505781,275857,115000000,120500000,1500000,1500000,0.25,372
MMOB,M25,4th,Thursday,3,Brington,Church Lane,PE28 5AE,monthly,508367.98,275688.58,121500000,124000000,2500000,2500000,0.416667,373
MMOB,M25,4th,Thursday,4,Old Weston,Village Hall car park.,PE28 5LL,monthly,509984.9,277471.15,133500000,140000000,2500000,2500000,0.416667,374
MMOB,M25,4th,Thursday,5,Leighton Bromswold,The Avenue,PE28 5AW,monthly,511297.43,275442.97,141000000,142500000,1500000,1500000,0.25,375
MMOB,M25,4th,Thursday,6,Buckworth,"Bus Shelter, Barham Road.",PE28 5AN,monthly,514771.53,276704.27,144000000,150000000,2000000,2000000,0.333333,376
MMOB,M12/26,2nd & 4th,Friday,1,Rings End,March Road,PE13 4DA,twice monthly,539796.11,302458.87,94500000,100500000,2000000,2000000,0.333333,377
MMOB,M12/26,2nd & 4th,Friday,2,Bunkers Hill,Lay-by,PE13 4SQ,twice monthly,540775.1,307104.76,101500000,103500000,2000000,2000000,0.333333,378
MMOB,M12/26,2nd & 4th,Friday,3,Wisbech St Mary,Church Road,PE13 4RY,twice monthly,542060.72,308163.59,104500000,112500000,4000000,4000000,0.666667,379
MMOB,M12/26,2nd & 4th,Friday,4,Leverington,Dowgate Road,PE13 5DJ,twice monthly,544948.76,310647.64,114000000,115500000,1500000,1500000,0.25,380
MMOB,M12/26,2nd & 4th,Friday,5,Leverington Common,Pear Tree Crescent,PE13 5AY,twice monthly,544016.43,310755.54,120000000,121500000,1500000,1500000,0.25,381
MMOB,M12/26,2nd & 4th,Friday,6,Leverington,Richmond Way,PE13 5JX,twice monthly,544221.64,311663.43,133500000,140000000,2500000,2500000,0.416667,382
MMOB,M12/26,2nd & 4th,Friday,7,Leverington,Popes Lane,PE13 5BD,twice monthly,543832.08,311784.78,140500000,142500000,2000000,2000000,0.333333,383
MMOB,M12/26,2nd & 4th,Friday,8,Wisbech St Mary,Cannon Close,PE13 4RD,twice monthly,541720.05,307925.77,144000000,154500000,10500000,10500000,1.08333,384
MMOB,M12/26,2nd & 4th,Friday,9,Guyhirn,Chapelfield,PE13 4EE,twice monthly,540176.65,303962.28,160000000,161500000,1500000,1500000,0.25,385
